,movie,year,time_minute,imdb_rating,metascore,vote,gross_earning
0,Zack Snyder's Justice League,2021,242,8.2,54.0,246401,
1,Avengers: Endgame,2019,181,8.4,78.0,850365,858.37
2,Sound of Metal,2019,120,7.8,82.0,54497,
3,The Trial of the Chicago 7,2020,129,7.8,76.0,124229,
4,Minari,2020,115,7.6,89.0,26144,
5,Soul,2020,100,8.1,83.0,216476,
6,Sleepers,1996,147,7.6,49.0,191087,49.1
7,Another Round,2020,117,7.8,80.0,55740,
8,Knives Out,2019,130,7.9,82.0,477265,165.36
9,The Shawshank Redemption,1994,142,9.3,80.0,2372509,28.34
10,The Dark Knight,2008,152,9.0,84.0,2336144,534.86
11,Avengers: Infinity War,2018,149,8.4,68.0,861180,678.82
12,The Godfather,1972,175,9.2,100.0,1642973,134.97
13,Once Upon a Time... In Hollywood,2019,161,7.6,83.0,569856,142.5
14,The Gentlemen,2019,113,7.8,51.0,254827,
15,Parasite,2019,132,8.6,96.0,586038,53.37
16,Harry Potter and the Sorcerer's Stone,2001,152,7.6,64.0,668169,317.58
17,Joker,2019,122,8.4,59.0,975695,335.45
18,The Sound of Music,1965,172,8.0,63.0,209243,163.21
19,Guardians of the Galaxy,2014,121,8.0,76.0,1055957,333.18
20,Blade Runner 2049,2017,164,8.0,81.0,472095,92.05
21,Watchmen,2009,162,7.6,56.0,509687,107.51
22,Pulp Fiction,1994,154,8.9,94.0,1848538,107.93
23,The Lord of the Rings: The Fellowship of the Ring,2001,178,8.8,92.0,1680806,315.54
24,Captain America: Civil War,2016,147,7.8,75.0,676457,408.08
25,The Wolf of Wall Street,2013,180,8.2,75.0,1210161,116.9
26,Thor: Ragnarok,2017,130,7.9,74.0,603498,315.06
27,Deadpool 2,2018,119,7.7,66.0,490044,324.59
28,Interstellar,2014,169,8.6,74.0,1539770,188.02
29,Almost Famous,2000,122,7.9,90.0,255211,32.53
30,Inception,2010,148,8.8,74.0,2095385,292.58
31,The Ten Commandments,1956,220,7.9,,64698,93.74
32,Captain America: The Winter Soldier,2014,136,7.7,70.0,747554,259.77
33,Ben-Hur,1959,212,8.1,90.0,221633,74.7
34,Titanic,1997,194,7.8,75.0,1057960,659.33
35,Inglourious Basterds,2009,153,8.3,69.0,1285964,120.54
36,Gone Girl,2014,149,8.1,79.0,874033,167.77
37,Jojo Rabbit,2019,108,7.9,58.0,311254,0.35
38,Back to the Future,1985,116,8.5,87.0,1072227,210.61
39,The Silence of the Lambs,1991,118,8.6,85.0,1287916,130.74
40,Captain Fantastic,2016,118,7.9,72.0,194682,5.88
41,Jurassic Park,1993,127,8.1,68.0,877718,402.45
42,The Avengers,2012,143,8.0,69.0,1273726,623.28
43,Mad Max: Fury Road,2015,120,8.1,90.0,893839,154.06
44,The Matrix,1999,136,8.7,73.0,1697108,171.48
45,1917,2019,119,8.3,78.0,448481,159.23
46,Heat,1995,170,8.2,76.0,585115,67.44
47,The Departed,2006,151,8.5,85.0,1204145,132.38
48,The Dark Knight Rises,2012,164,8.4,78.0,1533684,448.14
49,Schindler's List,1993,195,8.9,94.0,1226944,96.9
50,Gladiator,2000,155,8.5,67.0,1356396,187.71
51,The Prestige,2006,130,8.5,66.0,1205622,53.09
52,Forrest Gump,1994,142,8.8,82.0,1834605,330.25
53,Guardians of the Galaxy Vol. 2,2017,136,7.6,67.0,580504,389.81
54,Iron Man,2008,126,7.9,79.0,951493,318.41
55,Green Book,2018,130,8.2,69.0,394362,85.08
56,The Hobbit: An Unexpected Journey,2012,169,7.8,58.0,763479,303.0
57,No Country for Old Men,2007,122,8.1,91.0,868877,74.28
58,Dazed and Confused,1993,102,7.6,78.0,168028,7.99
59,Fight Club,1999,139,8.8,66.0,1877608,37.03
60,Alien,1979,117,8.4,89.0,796894,78.9
61,Call Me by Your Name,2017,132,7.9,93.0,219336,18.1
62,Deadpool,2016,108,8.0,65.0,914046,363.07
63,Ford v Ferrari,2019,152,8.1,81.0,304902,117.62
64,Django Unchained,2012,165,8.4,81.0,1376762,162.81
65,Hamilton,2020,160,8.5,90.0,61381,
66,Little Women,2019,135,7.8,91.0,150312,108.1
67,American Psycho,2000,101,7.6,64.0,500573,15.07
68,Tombstone,1993,130,7.8,50.0,128787,56.51
69,The Goonies,1985,114,7.8,62.0,247059,61.5
70,The Green Mile,1999,189,8.6,61.0,1163601,136.8
71,Goodfellas,1990,146,8.7,90.0,1034457,46.84
72,Bohemian Rhapsody,2018,134,8.0,49.0,461216,216.43
73,Batman Begins,2005,140,8.2,70.0,1323030,206.85
74,Saving Private Ryan,1998,169,8.6,91.0,1250551,216.54
75,Avatar,2009,162,7.8,83.0,1127961,760.51
76,The Lord of the Rings: The Return of the King,2003,201,8.9,94.0,1660936,377.85
77,Get Out,2017,104,7.7,85.0,501750,176.04
78,Apocalypse Now,1979,147,8.4,94.0,613193,83.47
79,Léon: The Professional,1994,110,8.5,64.0,1048245,19.5
80,Prisoners,2013,153,8.1,70.0,611015,61.0
81,The Grand Budapest Hotel,2014,99,8.1,88.0,719465,59.1
82,The Shining,1980,146,8.4,66.0,909851,44.02
83,Harry Potter and the Goblet of Fire,2005,157,7.7,81.0,555514,290.01
84,300,2006,117,7.6,52.0,739012,210.61
85,Se7en,1995,127,8.6,65.0,1464868,100.13
86,Requiem for a Dream,2000,102,8.3,68.0,775177,3.64
87,Shutter Island,2010,138,8.2,63.0,1148194,128.01
88,The Martian,2015,144,8.0,80.0,769391,228.43
89,The Lion King,1994,88,8.5,88.0,954127,422.78
90,Whiplash,2014,106,8.5,88.0,730211,13.09
91,Taxi Driver,1976,114,8.2,94.0,735001,28.26
92,Pride & Prejudice,2005,129,7.8,82.0,263102,38.41
93,The Big Short,2015,130,7.8,81.0,371851,70.26
94,Harry Potter and the Deathly Hallows: Part 2,2011,130,8.1,85.0,774463,381.01
95,Mission: Impossible - Fallout,2018,147,7.7,86.0,296043,220.16
96,Baby Driver,2017,113,7.6,86.0,447508,107.83
97,Moana,2016,107,7.6,81.0,278534,248.76
98,Into the Wild,2007,148,8.1,73.0,579629,18.35
99,Spider-Man: Into the Spider-Verse,2018,117,8.4,87.0,390196,190.24
100,Blade Runner,1982,117,8.1,84.0,700743,32.87
101,Arrival,2016,116,7.9,81.0,604176,100.55
102,Pirates of the Caribbean: The Curse of the Black Pearl,2003,143,8.0,63.0,1021745,305.41
103,The Irishman,2019,209,7.8,94.0,333243,7.0
104,Snatch,2000,102,8.3,55.0,789489,30.33
105,The Princess Bride,1987,98,8.0,77.0,396769,30.86
106,The Godfather: Part II,1974,202,9.0,90.0,1144310,57.3
107,About Time,2013,123,7.8,55.0,309413,15.32
108,American Beauty,1999,122,8.3,84.0,1079005,130.1
109,A Clockwork Orange,1971,136,8.3,77.0,765290,6.21
110,Star Wars: Episode IV - A New Hope,1977,121,8.6,90.0,1243298,322.74
111,Dunkirk,2017,106,7.8,94.0,565748,188.37
112,The Perks of Being a Wallflower,2012,103,8.0,67.0,467497,17.74
113,Donnie Darko,2001,113,8.0,88.0,746025,1.48
114,The Breakfast Club,1985,97,7.8,66.0,360527,45.88
115,Good Will Hunting,1997,126,8.3,70.0,872518,138.43
116,Citizen Kane,1941,119,8.3,100.0,408870,1.59
117,Aliens,1986,137,8.3,84.0,658782,85.16
118,The Hobbit: The Desolation of Smaug,2013,161,7.8,66.0,606943,258.37
119,Dances with Wolves,1990,181,8.0,72.0,243358,184.21
120,12 Angry Men,1957,96,9.0,96.0,700192,4.36
121,The Hateful Eight,2015,168,7.8,68.0,525670,54.12
122,Scarface,1983,170,8.3,65.0,751371,45.6
123,The Big Lebowski,1998,117,8.1,71.0,739840,17.5
124,The Lord of the Rings: The Two Towers,2002,179,8.7,87.0,1501940,342.55
125,Rush,2013,123,8.1,74.0,437491,26.95
126,Harry Potter and the Prisoner of Azkaban,2004,142,7.9,82.0,559612,249.36
127,Spirited Away,2001,125,8.6,96.0,663197,10.06
128,Braveheart,1995,178,8.3,68.0,967544,75.6
129,The Pianist,2002,150,8.5,85.0,741161,32.57
130,There Will Be Blood,2007,158,8.2,93.0,524855,40.22
131,Reservoir Dogs,1992,99,8.3,79.0,929073,2.83
132,"The Good, the Bad and the Ugly",1966,178,8.8,90.0,695840,6.1
133,One Flew Over the Cuckoo's Nest,1975,133,8.7,83.0,927543,112.0
134,"Three Billboards Outside Ebbing, Missouri",2017,115,8.1,88.0,442954,54.51
135,Hacksaw Ridge,2016,139,8.1,71.0,444420,67.21
136,The Social Network,2010,120,7.7,95.0,633129,96.96
137,Training Day,2001,122,7.7,69.0,396629,76.63
138,Stardust,2007,127,7.6,66.0,257030,38.63
139,Room,2015,118,8.1,86.0,377817,14.68
140,The Help,2011,146,8.0,62.0,432348,169.71
141,Argo,2012,120,7.7,86.0,578115,136.03
142,King Kong,1933,100,7.9,90.0,80001,10.0
143,Memento,2000,113,8.4,80.0,1137290,25.54
144,Inside Man,2006,129,7.6,76.0,344248,88.51
145,The Notebook,2004,123,7.8,53.0,526173,81.0
146,The Hunt,2012,115,8.3,77.0,287914,0.69
147,La La Land,2016,128,8.0,94.0,514422,151.1
148,Wonder,2017,113,8.0,66.0,145400,132.42
149,The Usual Suspects,1995,106,8.5,77.0,1001218,23.34
150,Indiana Jones and the Raiders of the Lost Ark,1981,115,8.4,85.0,891873,248.16
151,Terminator 2: Judgment Day,1991,137,8.5,75.0,1004680,204.84
152,Rogue One: A Star Wars Story,2016,133,7.8,65.0,563022,532.18
153,The Invisible Guest,2016,106,8.1,,148838,
154,Mary Poppins,1964,139,7.8,88.0,159362,102.27
155,Saw,2004,103,7.6,46.0,382140,56.0
156,Black Swan,2010,108,8.0,79.0,706067,106.95
157,Kingsman: The Secret Service,2014,129,7.7,60.0,596027,128.26
158,Logan,2017,137,8.1,77.0,658426,226.28
159,Moneyball,2011,133,7.6,87.0,375292,75.61
160,Eternal Sunshine of the Spotless Mind,2004,108,8.3,89.0,921002,34.4
161,Fargo,1996,98,8.1,85.0,624135,24.61
162,Boogie Nights,1997,155,7.9,85.0,242100,26.4
163,Zootopia,2016,108,8.0,78.0,439966,341.27
164,A Star Is Born,2018,136,7.6,88.0,340919,215.29
165,The Girl with the Dragon Tattoo,2011,158,7.8,71.0,428095,102.52
166,Zodiac,2007,157,7.7,78.0,474683,33.08
167,Kill Bill: Vol. 1,2003,111,8.1,69.0,1011535,70.1
168,The Truman Show,1998,103,8.1,90.0,953323,125.62
169,The Revenant,2015,156,8.0,76.0,715418,183.64
170,Trainspotting,1996,93,8.1,83.0,639998,16.5
171,Oldboy,2003,101,8.4,77.0,522372,0.71
172,Drive,2011,100,7.8,78.0,577801,35.06
173,2001: A Space Odyssey,1968,149,8.3,84.0,610266,56.95
174,Predator,1987,107,7.8,45.0,374862,59.74
175,Wind River,2017,107,7.7,73.0,211141,33.8
176,Vertigo,1958,128,8.3,100.0,368682,3.2
177,Dead Poets Society,1989,128,8.1,79.0,432715,95.86
178,The Intouchables,2011,112,8.5,57.0,771759,13.18
179,Stand by Me,1986,89,8.1,75.0,367010,52.29
180,The Hangover,2009,100,7.7,73.0,722460,277.32
181,True Romance,1993,119,7.9,59.0,208879,12.28
182,Sicario,2015,121,7.6,82.0,376735,46.89
183,Willy Wonka & the Chocolate Factory,1971,100,7.8,67.0,180309,4.0
184,Silver Linings Playbook,2012,122,7.7,81.0,667202,132.09
185,Ghostbusters,1984,105,7.8,71.0,358741,238.63
186,Hunt for the Wilderpeople,2016,101,7.9,81.0,114076,5.2
187,A Beautiful Mind,2001,135,8.2,72.0,858653,170.74
188,Catch Me If You Can,2002,141,8.1,75.0,847143,164.62
189,Portrait of a Lady on Fire,2019,122,8.1,95.0,68271,3.76
190,X-Men: Days of Future Past,2014,132,7.9,75.0,665522,233.92
191,Once Upon a Time in America,1984,229,8.4,,315695,5.32
192,Die Hard,1988,132,8.2,72.0,799962,83.01
193,Ex Machina,2014,108,7.7,78.0,479512,25.44
194,"Lock, Stock and Two Smoking Barrels",1998,107,8.2,66.0,540754,3.9
195,Nightcrawler,2014,117,7.9,76.0,474434,32.38
196,The Terminator,1984,107,8.0,84.0,804130,38.4
197,City of God,2002,130,8.6,79.0,705497,7.56
198,The Fifth Element,1997,126,7.7,52.0,437728,63.54
199,Her,2013,126,8.0,90.0,548400,25.57
200,Mulholland Drive,2001,147,7.9,85.0,326053,7.22
201,The Imitation Game,2014,114,8.0,73.0,693736,91.13
202,Kick-Ass,2010,117,7.6,66.0,528171,48.07
203,Coco,2017,105,8.4,81.0,397351,209.73
204,The Handmaiden,2016,145,8.1,84.0,117835,2.01
205,X-Men: First Class,2011,131,7.7,65.0,650316,146.41
206,Spotlight,2015,129,8.1,93.0,426727,45.06
207,A Man for All Seasons,1966,120,7.7,72.0,31762,28.35
208,American History X,1998,119,8.5,62.0,1043867,6.72
209,My Cousin Vinny,1992,120,7.6,68.0,108758,52.93
210,Apocalypto,2006,139,7.8,68.0,293310,50.87
211,Full Metal Jacket,1987,116,8.3,76.0,682078,46.36
212,Cast Away,2000,143,7.8,73.0,530987,233.63
213,Your Name.,2016,106,8.4,79.0,203170,5.02
214,The Incredibles,2004,115,8.0,90.0,662953,261.44
215,Hidden Figures,2016,127,7.8,74.0,204479,169.61
216,Psycho,1960,109,8.5,97.0,611218,32.0
217,Harry Potter and the Deathly Hallows: Part 1,2010,146,7.7,65.0,485525,295.98
218,Casino Royale,2006,144,8.0,80.0,586314,167.45
219,Sin City,2005,124,8.0,74.0,740819,74.1
220,Hot Fuzz,2007,121,7.8,81.0,467549,23.64
221,Tangled,2010,100,7.7,71.0,410114,200.82
222,Life Is Beautiful,1997,116,8.6,59.0,631750,57.6
223,12 Monkeys,1995,129,8.0,74.0,583031,57.14
224,Brokeback Mountain,2005,134,7.7,87.0,326173,83.04
225,Dark Waters,2019,126,7.6,73.0,65410,
226,V for Vendetta,2005,132,8.2,62.0,1042176,70.51
227,Rocky,1976,120,8.1,70.0,524379,117.24
228,The Wizard of Oz,1939,102,8.0,92.0,373063,2.08
229,Harry Potter and the Half-Blood Prince,2009,153,7.6,78.0,481184,301.96
230,Casino,1995,178,8.2,73.0,472411,42.44
231,Ratatouille,2007,111,8.0,96.0,649126,206.45
232,True Grit,2010,110,7.6,80.0,315089,171.24
233,Toy Story,1995,81,8.3,95.0,897855,191.8
234,Atonement,2007,123,7.8,85.0,254665,50.93
235,Sherlock Holmes,2009,128,7.6,57.0,587220,209.03
236,Platoon,1986,120,8.1,92.0,384868,138.53
237,Howl's Moving Castle,2004,119,8.2,80.0,340712,4.71
238,Jaws,1975,124,8.0,87.0,546945,260.0
239,Ferris Bueller's Day Off,1986,103,7.8,61.0,324090,70.14
240,Home Alone,1990,103,7.6,63.0,493304,285.76
241,The Bridge on the River Kwai,1957,161,8.1,87.0,205463,44.91
242,The Third Man,1949,93,8.1,97.0,160350,0.45
243,The Peanut Butter Falcon,2019,97,7.6,70.0,69382,13.12
244,Shrek,2001,90,7.8,84.0,619303,267.67
245,L.A. Confidential,1997,138,8.2,90.0,537157,64.62
246,The Godfather: Part III,1990,162,7.6,60.0,364508,66.67
247,Sense and Sensibility,1995,136,7.6,84.0,103934,43.18
248,The Bourne Identity,2002,119,7.9,68.0,512627,121.66
249,Inside Out,2015,95,8.1,94.0,626610,356.46
250,12 Years a Slave,2013,134,8.1,96.0,647961,56.67
251,Edge of Tomorrow,2014,113,7.9,71.0,606222,100.21
252,Unforgiven,1992,130,8.2,85.0,379916,101.16
253,Casablanca,1942,102,8.5,100.0,527452,1.02
254,The Sixth Sense,1999,107,8.1,64.0,918845,293.51
255,Pan's Labyrinth,2006,118,8.2,98.0,624118,37.63
256,Dallas Buyers Club,2013,117,8.0,80.0,447432,27.3
257,Mulan,1998,88,7.6,71.0,259973,120.62
258,Star Trek,2009,127,7.9,82.0,579651,257.73
259,E.T. the Extra-Terrestrial,1982,115,7.8,91.0,375956,435.11
260,Star Wars: Episode VII - The Force Awakens,2015,138,7.9,80.0,867223,936.66
261,Rain Man,1988,133,8.0,65.0,477435,178.8
262,Serenity,2005,119,7.8,74.0,284703,25.51
263,Bonnie and Clyde,1967,111,7.8,86.0,103468,
264,Office Space,1999,89,7.7,68.0,244199,10.82
265,Marriage Story,2019,137,7.9,94.0,254435,2.0
266,Little Miss Sunshine,2006,101,7.8,80.0,443698,59.89
267,American Gangster,2007,157,7.8,76.0,396420,130.16
268,Warrior,2011,140,8.2,71.0,440016,13.66
269,Shaun of the Dead,2004,99,7.9,76.0,516367,13.54
270,Capernaum,2018,126,8.4,75.0,66480,1.66
271,Toy Story 4,2019,100,7.8,84.0,208924,434.04
272,The Thing,1982,109,8.1,57.0,375491,13.78
273,A Few Good Men,1992,138,7.7,62.0,238001,141.34
274,Lost in Translation,2003,102,7.7,89.0,419980,44.59
275,Big Hero 6,2014,102,7.8,74.0,415410,222.53
276,Ocean's Eleven,2001,116,7.7,74.0,521758,183.42
277,Papillon,1973,151,8.0,58.0,122673,53.27
278,What's Eating Gilbert Grape,1993,118,7.8,73.0,217458,9.17
279,Black Hawk Down,2001,144,7.7,74.0,367060,108.64
280,"Monsters, Inc.",2001,92,8.1,79.0,824615,289.92
281,The Deer Hunter,1978,183,8.1,86.0,314741,48.98
282,The Sandlot,1993,101,7.8,55.0,79813,32.42
283,28 Days Later...,2002,113,7.6,73.0,379737,45.06
284,Once Upon a Time in the West,1968,165,8.5,80.0,305916,5.32
285,The Pursuit of Happyness,2006,117,8.0,64.0,454614,163.57
286,The Exorcist,1973,122,8.0,81.0,364707,232.91
287,The Curious Case of Benjamin Button,2008,166,7.8,70.0,595669,127.51
288,Memories of Murder,2003,132,8.1,82.0,144221,0.01
289,Lion,2016,118,8.0,69.0,217184,51.74
290,Gone with the Wind,1939,238,8.1,97.0,292842,198.68
291,My Fair Lady,1964,170,7.8,95.0,87488,72.0
292,Blazing Saddles,1974,93,7.7,73.0,127184,119.5
293,Blue Is the Warmest Colour,2013,180,7.7,89.0,140245,2.2
294,Star Wars: Episode V - The Empire Strikes Back,1980,124,8.7,82.0,1171318,290.48
295,Charade,1963,113,7.9,83.0,69872,13.47
296,Manchester by the Sea,2016,137,7.8,96.0,251190,47.7
297,Midnight Cowboy,1969,113,7.8,79.0,102135,44.79
298,Road to Perdition,2002,117,7.7,72.0,249094,104.45
299,Apollo 13,1995,140,7.6,77.0,272449,173.84
300,Moonrise Kingdom,2012,94,7.8,84.0,322382,45.51
301,First Blood,1982,93,7.7,61.0,229107,47.21
302,Kill Bill: Vol. 2,2004,137,8.0,83.0,690675,66.21
303,What We Do in the Shadows,2014,86,7.7,76.0,159945,3.33
304,Taken,2008,90,7.8,51.0,568031,145.0
305,Birdman or (The Unexpected Virtue of Ignorance),2014,119,7.7,87.0,586008,42.34
306,Breakfast at Tiffany's,1961,115,7.6,76.0,168358,
307,Back to the Future Part II,1989,108,7.8,57.0,486616,118.5
308,Children of Men,2006,109,7.9,84.0,468448,35.55
309,The Game,1997,129,7.8,61.0,349431,48.32
310,Star Wars: Episode VI - Return of the Jedi,1983,131,8.3,58.0,959988,309.13
311,Come and See,1985,142,8.3,,61238,
312,Crash,2004,112,7.7,66.0,421731,54.58
313,Finding Nemo,2003,100,8.1,90.0,958651,380.84
314,The Lives of Others,2006,137,8.4,89.0,362896,11.29
315,Mystic River,2003,138,7.9,84.0,422939,90.14
316,The Blind Side,2009,129,7.6,53.0,296500,255.96
317,Skyfall,2012,143,7.8,81.0,634156,304.36
318,Up,2009,96,8.2,88.0,946427,293.0
319,Amadeus,1984,160,8.3,88.0,372585,51.97
320,Seven Samurai,1954,207,8.6,98.0,319280,0.27
321,Being There,1979,130,8.0,83.0,66343,30.18
322,Rebel Without a Cause,1955,111,7.7,89.0,84318,
323,Big Fish,2003,125,8.0,58.0,418076,66.26
324,Incendies,2010,131,8.3,80.0,153351,6.86
325,The Machinist,2004,101,7.7,61.0,361714,1.08
326,Airplane!,1980,88,7.7,78.0,217090,83.4
327,Amélie,2001,122,8.3,69.0,709824,33.23
328,Just Mercy,2019,137,7.6,68.0,49672,
329,Scent of a Woman,1992,156,8.0,59.0,267914,63.9
330,The Last of the Mohicans,1992,112,7.7,76.0,152752,75.51
331,Princess Mononoke,1997,134,8.4,76.0,349019,2.38
332,Indiana Jones and the Last Crusade,1989,127,8.2,65.0,698062,197.17
333,WALL·E,2008,98,8.4,95.0,1011541,223.81
334,Downfall,2004,156,8.2,82.0,334311,5.51
335,Gone Baby Gone,2007,114,7.6,72.0,252913,20.3
336,The Count of Monte Cristo,2002,131,7.8,61.0,129990,54.23
337,Incredibles 2,2018,118,7.6,80.0,255018,608.58
338,Monty Python's Life of Brian,1979,94,8.1,77.0,370902,20.05
339,Dr. Strangelove or: How I Learned to Stop Worrying and Love the Bomb,1964,95,8.4,97.0,454863,0.28
340,In the Mood for Love,2000,98,8.1,85.0,127622,2.73
341,Magnolia,1999,188,8.0,77.0,291875,22.46
342,The Boy in the Striped Pajamas,2008,94,7.8,55.0,192968,9.03
343,Straight Outta Compton,2015,147,7.8,72.0,181132,161.2
344,The Thin Red Line,1998,170,7.6,78.0,174459,36.4
345,Chinatown,1974,130,8.1,92.0,297938,8.49
346,Lawrence of Arabia,1962,228,8.3,100.0,270914,44.82
347,Edward Scissorhands,1990,105,7.9,74.0,450872,56.36
348,In the Name of the Father,1993,133,8.1,84.0,159170,25.01
349,Minority Report,2002,145,7.6,80.0,512330,132.07
350,Groundhog Day,1993,101,8.0,72.0,583924,70.91
351,Fantastic Mr. Fox,2009,87,7.9,83.0,203528,21.0
352,Monty Python and the Holy Grail,1975,91,8.2,91.0,504828,1.23
353,"O Brother, Where Art Thou?",2000,107,7.7,69.0,290463,45.51
354,Midnight in Paris,2011,94,7.7,81.0,391839,56.82
355,The Bourne Supremacy,2004,108,7.7,73.0,437774,176.24
356,The Last Picture Show,1971,118,8.0,93.0,43103,29.13
357,Million Dollar Baby,2004,132,8.1,86.0,641992,100.49
358,Wild Tales,2014,122,8.1,77.0,180130,3.11
359,Mr. Nobody,2009,141,7.8,63.0,218551,0.0
360,The Royal Tenenbaums,2001,110,7.6,76.0,269621,52.36
361,The Others,2001,104,7.6,74.0,340676,96.52
362,The Bourne Ultimatum,2007,115,8.0,85.0,607495,227.47
363,Hell or High Water,2016,102,7.6,88.0,206742,26.86
364,Deliverance,1972,109,7.7,80.0,99545,7.06
365,Young Frankenstein,1974,106,8.0,80.0,144596,86.3
366,Grave of the Fireflies,1988,89,8.5,94.0,239826,
367,Bridge of Spies,2015,142,7.6,81.0,290852,72.31
368,The Fugitive,1993,130,7.8,87.0,269965,183.88
369,Remember the Titans,2000,113,7.8,48.0,199815,115.65
370,In Bruges,2008,107,7.9,67.0,393367,7.76
371,Life of Pi,2012,127,7.9,79.0,585755,124.99
372,Boyz n the Hood,1991,112,7.8,76.0,127693,57.5
373,The Graduate,1967,106,8.0,83.0,255632,104.95
374,How to Train Your Dragon,2010,98,8.1,75.0,673876,217.58
375,3 Idiots,2009,170,8.4,67.0,349534,6.53
376,Coraline,2009,100,7.7,80.0,199916,75.29
377,Slumdog Millionaire,2008,120,8.0,84.0,804300,141.32
378,Rosemary's Baby,1968,137,8.0,96.0,196407,
379,Gattaca,1997,106,7.8,64.0,283177,12.34
380,500 Days of Summer,2009,95,7.7,76.0,476064,32.39
381,Aladdin,1992,90,8.0,86.0,377004,217.35
382,Chungking Express,1994,102,8.1,77.0,65212,0.6
383,The Untouchables,1987,119,7.9,79.0,285222,76.27
384,Being John Malkovich,1999,113,7.7,90.0,315223,22.86
385,Before Sunrise,1995,101,8.1,77.0,276365,5.54
386,The King's Speech,2010,118,8.0,88.0,644779,138.8
387,Rear Window,1954,112,8.4,100.0,448849,36.76
388,The Warriors,1979,92,7.6,65.0,94841,22.49
389,Blood Diamond,2006,143,8.0,64.0,504010,57.37
390,The Theory of Everything,2014,123,7.7,72.0,409520,35.89
391,Dangal,2016,161,8.4,,160098,12.39
392,The Last Samurai,2003,154,7.7,55.0,403346,111.11
393,The Florida Project,2017,111,7.6,92.0,97405,5.9
394,God's Own Country,2017,104,7.7,85.0,25970,0.34
395,The Secret in Their Eyes,2009,129,8.2,80.0,195550,6.39
396,For a Few Dollars More,1965,132,8.2,74.0,235330,15.0
397,Blue Velvet,1986,120,7.7,76.0,183354,8.55
398,Creed,2015,133,7.6,82.0,250100,109.77
399,Star Trek Into Darkness,2013,132,7.7,72.0,465132,228.78
400,The Blues Brothers,1980,133,7.9,60.0,184948,57.23
401,Do the Right Thing,1989,120,8.0,93.0,91313,27.55
402,The Little Mermaid,1989,83,7.6,88.0,240111,111.54
403,The Magnificent Seven,1960,128,7.7,74.0,88429,4.91
404,Rushmore,1998,93,7.7,86.0,171356,17.11
405,Gifted,2017,101,7.6,60.0,101739,24.8
406,3:10 to Yuma,2007,122,7.7,76.0,291549,53.61
407,Lethal Weapon,1987,109,7.6,68.0,238836,65.21
408,Cool Hand Luke,1967,127,8.1,92.0,163697,16.22
409,Spartacus,1960,197,7.9,87.0,125365,30.0
410,Falling Down,1993,113,7.6,56.0,173756,40.9
411,Zombieland,2009,88,7.6,73.0,523802,75.59
412,Empire of the Sun,1987,153,7.7,62.0,117013,22.24
413,A Fistful of Dollars,1964,99,8.0,65.0,200164,14.5
414,Y Tu Mamá También,2001,106,7.6,88.0,116753,13.62
415,As Good as It Gets,1997,139,7.7,67.0,278138,148.48
416,Moon,2009,97,7.9,67.0,337663,5.01
417,District 9,2009,112,7.9,81.0,641860,115.65
418,The Treasure of the Sierra Madre,1948,126,8.2,98.0,115440,5.01
419,Who Framed Roger Rabbit,1988,104,7.7,83.0,183513,156.45
420,Despicable Me,2010,95,7.6,72.0,504816,251.51
421,The Boondock Saints,1999,108,7.8,44.0,228436,0.03
422,Goldfinger,1964,110,7.7,87.0,175616,51.08
423,Glory,1989,122,7.8,78.0,124563,26.83
424,Blood Simple,1984,99,7.6,83.0,89012,2.15
425,I Saw the Devil,2010,144,7.8,67.0,113367,0.13
426,Searching,2018,102,7.6,71.0,143467,26.02
427,Fear and Loathing in Las Vegas,1998,118,7.6,41.0,261686,10.68
428,Halloween,1978,91,7.7,87.0,235063,47.0
429,Man on Fire,2004,146,7.7,47.0,332318,77.91
430,"Paris, Texas",1984,145,8.1,78.0,93600,2.18
431,Gravity,2013,91,7.7,96.0,774875,274.09
432,To Kill a Mockingbird,1962,129,8.2,88.0,296067,
433,Donnie Brasco,1997,127,7.7,76.0,283131,41.91
434,Gran Torino,2008,116,8.1,72.0,726399,148.1
435,Misery,1990,107,7.8,75.0,186953,61.28
436,End of Watch,2012,109,7.6,68.0,229906,41.0
437,A Silent Voice: The Movie,2016,130,8.1,78.0,51721,
438,The Fault in Our Stars,2014,126,7.7,69.0,347391,124.87
439,Philomena,2013,98,7.6,77.0,94889,37.71
440,The Fighter,2010,116,7.8,79.0,343867,93.62
441,Captain Phillips,2013,134,7.8,82.0,425473,107.1
442,Raging Bull,1980,129,8.2,89.0,325271,23.38
443,The Great Escape,1963,172,8.2,86.0,226945,12.1
444,It's a Wonderful Life,1946,130,8.6,89.0,410036,
445,Carlito's Way,1993,144,7.9,65.0,202964,36.95
446,Toy Story 3,2010,103,8.2,92.0,764805,415.0
447,Beauty and the Beast,1991,84,8.0,95.0,419853,218.97
448,Isle of Dogs,2018,101,7.9,82.0,142492,32.02
449,This Is Spinal Tap,1984,82,7.9,92.0,130037,0.19
450,Singin' in the Rain,1952,103,8.3,99.0,221543,8.82
451,The Road Warrior,1981,96,7.6,77.0,167850,12.47
452,Boyhood,2014,165,7.9,100.0,337651,25.38
453,Planet of the Apes,1968,112,8.0,79.0,166279,33.4
454,My Neighbor Totoro,1988,86,8.2,86.0,296805,1.11
455,Primal Fear,1996,129,7.7,47.0,192191,56.12
456,Cinema Paradiso,1988,155,8.5,80.0,234177,11.99
457,Stalker,1979,162,8.2,,119064,0.23
458,The Girl with the Dragon Tattoo,2009,152,7.8,76.0,209975,10.1
459,The Butterfly Effect,2004,113,7.6,30.0,454634,57.94
460,Blow,2001,124,7.6,52.0,242742,52.99
461,Wreck-It Ralph,2012,101,7.7,72.0,383947,189.42
462,"Crouching Tiger, Hidden Dragon",2000,120,7.8,94.0,255122,128.08
463,The Lego Movie,2014,100,7.7,83.0,326040,257.76
464,Brazil,1985,132,7.9,84.0,188919,9.93
465,A Bronx Tale,1993,121,7.8,80.0,129625,17.27
466,Eastern Promises,2007,100,7.6,82.0,229643,17.11
467,The Skin I Live In,2011,120,7.6,70.0,140686,3.19
468,7 Kogustaki Mucize,2019,132,8.2,,37116,
469,The Holy Mountain,1973,114,7.9,76.0,37968,0.06
470,Close Encounters of the Third Kind,1977,138,7.6,90.0,186702,132.09
471,Dog Day Afternoon,1975,125,8.0,86.0,237954,50.0
472,The Elephant Man,1980,124,8.1,78.0,222562,
473,Die Hard with a Vengeance,1995,128,7.6,58.0,366555,100.01
474,Match Point,2005,124,7.6,72.0,207655,23.09
475,Some Like It Hot,1959,121,8.2,98.0,246490,25.0
476,Lord of War,2005,122,7.6,62.0,296016,24.15
477,Walk the Line,2005,136,7.8,72.0,236135,119.52
478,North by Northwest,1959,136,8.3,98.0,302141,13.28
479,Dark City,1998,100,7.6,66.0,189103,14.38
480,Butch Cassidy and the Sundance Kid,1969,110,8.0,66.0,203114,102.31
481,Barry Lyndon,1975,185,8.1,89.0,152113,
482,Star Trek II: The Wrath of Khan,1982,113,7.7,67.0,113595,78.91
483,This Is England,2006,101,7.7,86.0,116294,0.33
484,When Harry Met Sally...,1989,95,7.6,76.0,197929,92.82
485,Sunset Blvd.,1950,110,8.4,,203936,
486,The Seventh Seal,1957,96,8.2,88.0,167553,
487,Toy Story 2,1999,92,7.9,88.0,532488,245.85
488,Billy Elliot,2000,110,7.7,74.0,127733,22.0
489,Ordinary People,1980,124,7.7,86.0,47674,54.8
490,The Naked Gun: From the Files of Police Squad!,1988,85,7.6,76.0,154674,78.76
491,The Sting,1973,129,8.3,83.0,243737,159.6
492,Kramer vs. Kramer,1979,105,7.8,77.0,134931,106.26
493,Sling Blade,1996,135,8.0,84.0,87658,24.48
494,Annie Hall,1977,93,8.0,92.0,253403,39.2
495,Ran,1985,162,8.2,96.0,114255,4.14
496,The Illusionist,2006,110,7.6,68.0,356555,39.87
497,Dawn of the Planet of the Apes,2014,130,7.6,79.0,414089,208.55
498,The Conversation,1974,113,7.8,85.0,100347,4.42
499,Enter the Dragon,1973,102,7.7,83.0,97669,25.0
500,Philadelphia,1993,125,7.7,66.0,226404,77.32
501,Doctor Zhivago,1965,197,8.0,69.0,70629,111.72
502,The Jungle Book,1967,78,7.6,65.0,167939,141.84
503,Roma,2018,135,7.7,96.0,142829,
504,Only the Brave,2017,134,7.6,72.0,59740,18.34
505,The Birds,1963,119,7.7,90.0,173335,11.4
506,Das Boot,1981,149,8.3,86.0,234212,11.49
507,Seven Pounds,2008,123,7.6,36.0,288645,69.95
508,Tumbbad,2018,104,8.3,,29082,
509,The Quiet Man,1952,129,7.7,,35365,10.55
510,The Remains of the Day,1993,134,7.8,86.0,67226,22.95
511,Giant,1956,201,7.6,84.0,34518,
512,The Color Purple,1985,154,7.8,78.0,79267,98.47
513,Lost Highway,1997,134,7.6,52.0,132597,3.8
514,Akira,1988,124,8.0,,167087,0.55
515,The Wrestler,2008,109,7.9,80.0,291051,26.24
516,Awakenings,1990,121,7.8,74.0,127509,52.1
517,Perfect Blue,1997,81,8.0,,60054,0.78
518,Anatomy of a Murder,1959,161,8.0,95.0,60505,11.9
519,Enemy at the Gates,2001,131,7.6,53.0,245663,51.4
520,JFK,1991,189,8.0,72.0,143552,70.41
521,Who's Afraid of Virginia Woolf?,1966,131,8.0,75.0,69576,
522,Hotel Rwanda,2004,121,8.1,79.0,336904,23.53
523,Raatchasan,2018,170,8.5,,26844,
524,The Raid: Redemption,2011,101,7.6,73.0,191910,4.11
525,Fried Green Tomatoes,1991,130,7.7,64.0,67592,82.42
526,After Hours,1985,97,7.7,90.0,60974,10.6
527,A Separation,2011,123,8.3,95.0,223132,7.1
528,Serpico,1973,130,7.7,87.0,111346,29.8
529,Hachi: A Dog's Tale,2009,93,8.1,,257072,
530,Mississippi Burning,1988,128,7.8,65.0,89513,34.6
531,Me and Earl and the Dying Girl,2015,105,7.7,74.0,124485,6.74
532,Dogville,2003,178,8.0,60.0,139143,1.53
533,The Last King of Scotland,2006,123,7.7,74.0,176660,17.61
534,The Searchers,1956,119,7.9,94.0,81189,
535,Metropolis,1927,153,8.3,98.0,161704,1.24
536,Ghost in the Shell,1995,83,8.0,76.0,130934,0.52
537,The Man from Earth,2007,87,7.9,,175607,
538,La Haine,1995,98,8.1,,153103,0.31
539,Togo,2019,113,8.0,69.0,39542,
540,Adaptation.,2002,115,7.7,83.0,180091,22.25
541,Battle Royale,2000,114,7.6,81.0,170268,
542,Detachment,2011,98,7.7,52.0,78087,0.07
543,Roman Holiday,1953,118,8.0,78.0,128476,
544,The French Connection,1971,104,7.7,94.0,111450,15.63
545,"Synecdoche, New York",2008,124,7.6,67.0,84327,3.08
546,All About My Mother,1999,101,7.8,87.0,90086,8.26
547,Before Sunset,2004,80,8.1,90.0,239608,5.82
548,Ponyo,2008,101,7.7,86.0,127554,15.09
549,Kelly's Heroes,1970,144,7.6,50.0,45672,1.38
550,Hara-Kiri,1962,133,8.6,85.0,43835,
551,The Last Emperor,1987,163,7.7,76.0,95551,43.98
552,Clerks,1994,92,7.7,70.0,212450,3.15
553,50/50,2011,100,7.6,72.0,316979,35.01
554,Paddington 2,2017,103,7.8,88.0,63090,40.44
555,The Apartment,1960,125,8.3,94.0,166402,18.6
556,Malcolm X,1992,202,7.7,73.0,87217,48.17
557,Manhattan,1979,96,7.9,83.0,132432,45.7
558,Dirty Harry,1971,102,7.7,90.0,144537,35.9
559,Rebecca,1940,130,8.1,86.0,125402,4.36
560,High Noon,1952,85,7.9,89.0,98089,9.45
561,Naked,1993,132,7.8,84.0,35193,1.77
562,Gandhi,1982,191,8.0,79.0,218997,52.77
563,Funny Games,1997,108,7.6,69.0,66121,
564,Kung Fu Hustle,2004,99,7.7,78.0,128476,17.11
565,Dawn of the Dead,1978,127,7.9,71.0,112257,5.1
566,The Insider,1999,157,7.8,84.0,161188,28.97
567,The Best Offer,2013,131,7.8,49.0,109976,0.09
568,A Streetcar Named Desire,1951,122,8.0,97.0,100036,8.0
569,Solaris,1972,167,8.1,90.0,82211,
570,Lucky Number Slevin,2006,110,7.7,53.0,300743,22.49
571,The Fall,2006,117,7.9,64.0,107830,2.28
572,"Blood In, Blood Out",1993,180,8.0,47.0,29091,4.5
573,Rio Bravo,1959,141,8.0,93.0,56882,12.54
574,Castle in the Sky,1986,125,8.0,78.0,152096,
575,21 Grams,2003,124,7.6,70.0,225960,16.29
576,Badlands,1973,94,7.8,93.0,66950,
577,Ed Wood,1994,127,7.8,70.0,165982,5.89
578,Fallen Angels,1995,99,7.7,71.0,27464,
579,Klaus,2019,96,8.2,65.0,109735,
580,The Name of the Rose,1986,130,7.7,54.0,102903,7.15
581,Flipped,2010,90,7.7,45.0,82241,1.75
582,Before Midnight,2013,109,7.9,94.0,143519,8.11
583,Andhadhun,2018,139,8.2,,74260,1.37
584,The Artist,2011,100,7.9,89.0,232120,44.67
585,8½,1963,138,8.0,91.0,110041,0.05
586,All the President's Men,1976,138,7.9,84.0,104486,70.6
587,The King of Comedy,1982,109,7.8,73.0,91217,2.5
588,Dara of Jasenovac,2020,130,8.3,,34130,
589,Let the Right One In,2008,114,7.9,82.0,206704,2.12
590,How to Train Your Dragon 2,2014,102,7.8,76.0,308464,177.0
591,What Ever Happened to Baby Jane?,1962,134,8.1,75.0,50706,4.05
592,The Wild Bunch,1969,135,7.9,97.0,78005,12.06
593,The Celebration,1998,105,8.0,82.0,79298,1.65
594,Fiddler on the Roof,1971,181,8.0,67.0,39917,80.5
595,Miller's Crossing,1990,115,7.7,66.0,126871,5.08
596,Paths of Glory,1957,88,8.4,90.0,180641,
597,The Wind Rises,2013,126,7.8,83.0,75193,5.21
598,Amores Perros,2000,154,8.1,83.0,225768,5.38
599,Neon Genesis Evangelion: The End of Evangelion,1997,87,8.1,,40575,
600,Kiki's Delivery Service,1989,103,7.8,83.0,126779,
601,The Body,2012,112,7.6,,58842,
602,Finding Neverland,2004,106,7.6,67.0,199706,51.68
603,Nausicaä of the Valley of the Wind,1984,117,8.1,86.0,153426,0.5
604,I Am Sam,2001,132,7.7,28.0,143714,40.31
605,Secrets & Lies,1996,136,8.0,91.0,38215,13.42
606,Changeling,2008,141,7.7,63.0,240978,35.74
607,The Iron Giant,1999,86,8.0,85.0,173829,23.16
608,Network,1976,121,8.1,83.0,146388,
609,Harold and Maude,1971,91,7.9,62.0,71516,
610,The Killing Fields,1984,141,7.8,76.0,52080,34.7
611,All About Eve,1950,138,8.2,98.0,121775,0.01
612,On the Waterfront,1954,108,8.1,91.0,143595,9.6
613,The Nightmare Before Christmas,1993,76,8.0,82.0,302297,75.08
614,The Right Stuff,1983,193,7.8,91.0,56599,21.5
615,Short Term 12,2013,96,8.0,82.0,82710,1.01
616,Land of Mine,2015,100,7.8,75.0,36519,0.44
617,La Vie En Rose,2007,140,7.6,66.0,83305,10.3
618,Shoplifters,2018,121,7.9,93.0,64923,3.31
619,Taare Zameen Par,2007,165,8.4,,172059,1.22
620,Evil Dead II,1987,84,7.8,72.0,149463,5.92
621,Sing Street,2016,106,7.9,79.0,86218,3.24
622,M,1931,99,8.3,,145212,0.03
623,The Maltese Falcon,1941,100,8.0,96.0,149981,2.11
624,Drishyam,2015,163,8.2,,72321,0.74
625,The Hustler,1961,134,8.0,90.0,75576,8.28
626,Mother,2009,129,7.8,79.0,54435,0.55
627,Hero,2002,120,7.9,85.0,174737,53.71
628,Persona,1966,83,8.1,86.0,105250,
629,Beasts of No Nation,2015,137,7.7,79.0,74934,0.08
630,Happiness,1998,134,7.7,81.0,66853,2.81
631,Witness for the Prosecution,1957,116,8.4,,110670,8.18
632,Baahubali: The Beginning,2015,159,8.0,,104051,6.74
633,Nebraska,2013,115,7.7,87.0,113052,17.65
634,The Great Beauty,2013,141,7.8,86.0,82047,2.85
635,Days of Heaven,1978,94,7.8,93.0,53539,
636,Night of the Living Dead,1968,96,7.9,89.0,117591,0.09
637,Dancer in the Dark,2000,140,8.0,61.0,103246,4.18
638,Cinderella Man,2005,144,8.0,69.0,177473,61.65
639,La Dolce Vita,1960,174,8.0,95.0,67401,19.52
640,The Dirty Dozen,1967,150,7.7,73.0,67687,45.3
641,Sabrina,1954,113,7.7,72.0,60040,
642,Nosferatu,1922,94,7.9,,89603,
643,Mommy,2014,139,8.1,74.0,51612,3.49
644,Time of the Gypsies,1988,142,8.2,,27538,0.28
645,My Left Foot,1989,103,7.9,97.0,68984,14.74
646,The Man from Nowhere,2010,119,7.8,,63746,0.01
647,A Prophet,2009,155,7.9,90.0,94279,2.08
648,The Longest Day,1962,178,7.8,75.0,52460,39.1
649,October Sky,1999,108,7.8,71.0,83604,32.48
650,Yip Man,2008,106,8.0,59.0,212700,
651,The Adventures of Robin Hood,1938,102,7.9,97.0,47517,3.98
652,The Raid 2,2014,150,8.0,71.0,115171,2.63
653,Glengarry Glen Ross,1992,100,7.7,82.0,96729,10.73
654,Dial M for Murder,1954,105,8.2,75.0,160336,0.01
655,The Man Who Shot Liberty Valance,1962,123,8.1,94.0,69573,
656,Fantastic Planet,1973,72,7.8,73.0,26106,0.19
657,PK,2014,153,8.1,,165047,10.62
658,Cabaret,1972,124,7.8,80.0,48791,42.77
659,Good Bye Lenin!,2003,121,7.7,68.0,138950,4.06
660,Where Eagles Dare,1968,158,7.7,63.0,52383,
661,"Planes, Trains & Automobiles",1987,93,7.6,72.0,125914,49.53
662,East of Eden,1955,118,7.9,72.0,40871,
663,The Outlaw Josey Wales,1976,135,7.8,69.0,66269,31.8
664,In the Heat of the Night,1967,110,7.9,75.0,68590,24.38
665,Escape from Alcatraz,1979,112,7.6,76.0,123240,43.0
666,Au Revoir les Enfants,1987,104,8.0,88.0,31534,4.54
667,Barton Fink,1991,116,7.7,69.0,114174,6.15
668,Hannah and Her Sisters,1986,107,7.9,90.0,67796,40.08
669,Gangs of Wasseypur,2012,321,8.2,89.0,83614,
670,From Here to Eternity,1953,118,7.6,85.0,43792,30.5
671,The Day of the Jackal,1973,143,7.8,80.0,37866,16.06
672,Whisper of the Heart,1995,111,7.9,75.0,53377,
673,Rashomon,1950,88,8.2,98.0,154559,0.1
674,Double Indemnity,1944,107,8.3,95.0,145181,5.72
675,A Little Princess,1995,97,7.7,83.0,32482,10.02
676,The Bridges of Madison County,1995,135,7.6,69.0,74080,71.52
677,Loving Vincent,2017,94,7.8,62.0,51717,6.74
678,Ray,2004,152,7.7,73.0,139550,75.33
679,Paprika,2006,90,7.7,81.0,72653,0.88
680,Yojimbo,1961,110,8.2,,112780,
681,The Verdict,1982,129,7.7,77.0,36551,54.0
682,The Secret World of Arrietty,2010,94,7.6,80.0,82457,19.2
683,The Great Dictator,1940,125,8.4,,205429,0.29
684,Breaking the Waves,1996,159,7.8,76.0,62969,4.04
685,Cat on a Hot Tin Roof,1958,108,8.0,84.0,45674,17.57
686,The Straight Story,1999,112,8.0,86.0,82928,6.2
687,Modern Times,1936,87,8.5,96.0,220861,0.16
688,Three Colors: Blue,1993,94,7.9,85.0,91479,1.32
689,Mary and Max,2009,92,8.1,,166031,
690,All That Jazz,1979,123,7.9,72.0,28553,37.82
691,Victoria,2015,138,7.6,77.0,53796,
692,25th Hour,2002,135,7.6,68.0,170641,13.06
693,Rope,1948,80,8.0,73.0,131260,
694,Breathless,1960,90,7.8,,74188,0.34
695,Guess Who's Coming to Dinner,1967,108,7.8,63.0,40271,56.7
696,Fitzcarraldo,1982,158,8.1,,32022,
697,Wings of Desire,1987,128,8.0,79.0,65639,3.33
698,Vampire Hunter D: Bloodlust,2000,103,7.7,62.0,29544,0.15
699,Pink Floyd: The Wall,1982,95,8.1,47.0,76644,22.24
700,Amour,2012,127,7.9,94.0,94028,6.74
701,On Golden Pond,1981,109,7.6,68.0,27965,119.29
702,Black Book,2006,145,7.7,71.0,73076,4.4
703,Three Colors: Red,1994,99,8.1,100.0,92275,4.04
704,The Wave,2008,107,7.6,,103729,
705,Pride,2014,119,7.8,79.0,52517,
706,The World's Fastest Indian,2005,127,7.8,68.0,52297,5.13
707,The Lion in Winter,1968,134,7.9,,29263,22.28
708,"Spring, Summer, Fall, Winter... and Spring",2003,103,8.0,85.0,78144,2.38
709,The Chaser,2008,125,7.8,64.0,59412,
710,Open Your Eyes,1997,119,7.7,,64542,0.37
711,Dead Man,1995,121,7.6,62.0,91218,1.04
712,Watership Down,1978,91,7.6,64.0,33991,
713,Letters from Iwo Jima,2006,141,7.9,89.0,154860,13.76
714,Run Lola Run,1998,80,7.6,77.0,189374,7.27
715,Ikiru,1952,143,8.3,,69743,0.06
716,Fanny and Alexander,1982,188,8.1,100.0,58220,4.97
717,Song of the Sea,2014,93,8.1,85.0,52796,0.86
718,A Man Called Ove,2015,116,7.7,70.0,48404,3.36
719,Strangers on a Train,1951,101,7.9,88.0,124195,7.63
720,Shadow of a Doubt,1943,108,7.8,94.0,60232,
721,Porco Rosso,1992,94,7.7,83.0,79454,
722,Fantasia,1940,125,7.7,96.0,89442,76.41
723,Touch of Evil,1958,95,8.0,99.0,99032,2.24
724,Stagecoach,1939,96,7.8,93.0,44314,
725,The Mirror,1975,107,8.1,80.0,40840,0.18
726,Belle de Jour,1967,100,7.7,,40803,0.03
727,Perfect Strangers,2016,96,7.8,,58268,
728,"South Park: Bigger, Longer & Uncut",1999,81,7.7,73.0,193024,52.04
729,"I, Daniel Blake",2016,100,7.9,78.0,54758,0.26
730,The Day the Earth Stood Still,1951,92,7.7,,76624,
731,Short Cuts,1993,188,7.7,79.0,42549,6.11
732,Bicycle Thieves,1948,89,8.3,,148650,0.33
733,Hamlet,1996,242,7.7,,36187,4.41
734,High and Low,1963,143,8.4,,35742,
735,The Manchurian Candidate,1962,126,7.9,94.0,71643,
736,A Christmas Story,1983,93,7.9,77.0,133507,20.61
737,The Big Sleep,1946,114,7.9,,79324,6.54
738,Judgment at Nuremberg,1961,179,8.2,60.0,70401,
739,Winter Sleep,2014,196,8.1,88.0,47460,0.17
740,The Double Life of Véronique,1991,98,7.8,86.0,43223,2.0
741,Kubo and the Two Strings,2016,101,7.8,84.0,119271,48.02
742,The Night of the Hunter,1955,92,8.0,99.0,82757,0.65
743,The African Queen,1951,105,7.7,91.0,72110,0.54
744,It Happened One Night,1934,105,8.1,87.0,95150,4.36
745,Frankenstein,1931,70,7.8,91.0,65927,
746,Gaslight,1944,114,7.8,,25073,
747,The Man Who Would Be King,1975,129,7.8,91.0,45476,
748,City Lights,1931,87,8.5,99.0,169850,0.02
749,Tangerines,2013,87,8.2,73.0,41713,0.14
750,The Tenant,1976,126,7.7,71.0,40453,1.92
751,The Vanishing,1988,107,7.7,,34357,
752,Lilya 4-Ever,2002,109,7.8,82.0,43038,0.18
753,Sympathy for Mr. Vengeance,2002,129,7.6,56.0,63470,0.05
754,The Legend of 1900,1998,169,8.1,58.0,59657,0.26
755,Infernal Affairs,2002,101,8.0,75.0,118524,0.17
756,Once,2007,86,7.8,88.0,111354,9.44
757,Notorious,1946,102,7.9,100.0,93029,10.46
758,Wolf Children,2012,117,8.1,71.0,39542,
759,Adam's Apples,2005,94,7.8,51.0,46285,0.0
760,The Muppet Movie,1979,95,7.6,74.0,33176,76.66
761,The Odd Couple,1968,105,7.7,86.0,31975,44.53
762,Rififi,1955,118,8.1,97.0,29883,0.06
763,Leviathan,2014,140,7.6,92.0,49979,1.09
764,Mysterious Skin,2004,105,7.6,73.0,66282,0.7
765,Wild Strawberries,1957,91,8.2,88.0,97926,
766,Patton,1970,172,7.9,91.0,94308,61.7
767,The Tale of The Princess Kaguya,2013,137,8.0,89.0,39821,1.51
768,The Philadelphia Story,1940,112,7.9,96.0,64159,
769,Paper Moon,1973,102,8.1,77.0,42693,30.93
770,Zulu,1964,138,7.7,77.0,36394,
771,The 400 Blows,1959,99,8.1,,106911,
772,The Kid,1921,68,8.3,,115207,5.45
773,Pink,2016,136,8.1,,39770,1.24
774,The White Ribbon,2009,144,7.8,82.0,69316,2.22
775,Ninja Scroll,1993,94,7.9,,34871,
776,Dead Man's Shoes,2004,90,7.6,52.0,50112,0.01
777,Drishyam,2013,160,8.4,,34178,
778,The Diving Bell and the Butterfly,2007,112,8.0,92.0,103816,5.99
779,Waking Life,2001,99,7.8,83.0,61104,2.89
780,The Best Years of Our Lives,1946,170,8.0,93.0,57816,23.65
781,Children of Heaven,1997,89,8.3,77.0,66545,0.93
782,The Sacrifice,1986,149,8.1,,25029,0.3
783,Andrei Rublev,1966,205,8.1,,47939,0.1
784,The Long Goodbye,1973,112,7.6,87.0,26737,0.96
785,Withnail & I,1987,107,7.7,84.0,40801,1.54
786,Talk to Her,2002,112,7.9,86.0,105381,9.28
787,Freaks,1932,64,7.9,80.0,42475,
788,Il Postino,1994,108,7.7,81.0,34004,21.85
789,Once Were Warriors,1994,102,7.9,77.0,31793,2.2
790,When Marnie Was There,2014,103,7.7,72.0,33816,0.77
791,The Grapes of Wrath,1940,129,8.0,96.0,86120,0.06
792,3-Iron,2004,88,8.0,72.0,51264,0.24
793,The Hidden Fortress,1958,126,8.1,,35399,
794,"Aguirre, the Wrath of God",1972,95,7.9,,52952,
795,The Killing,1956,84,8.0,91.0,82562,
796,Harvey,1950,104,7.9,,52803,
797,Mr. Smith Goes to Washington,1939,129,8.1,73.0,107937,9.6
798,Kagemusha,1980,162,8.0,84.0,32570,
799,The Secret of Kells,2009,75,7.6,81.0,32464,0.69
800,Batman: Mask of the Phantasm,1993,76,7.8,,44403,5.62
801,A Very Long Engagement,2004,133,7.6,76.0,71221,6.17
802,The Cabinet of Dr. Caligari,1920,67,8.1,,58096,
803,The Red Shoes,1948,135,8.1,,31429,10.9
804,Frost/Nixon,2008,122,7.7,80.0,103910,18.59
805,Duck You Sucker,1971,138,7.6,77.0,30515,0.7
806,Underground,1995,167,8.1,,55618,0.17
807,Peeping Tom,1960,101,7.7,,31819,0.08
808,Amarcord,1973,123,7.9,,40345,0.29
809,Death Note,2006,126,7.7,,28834,
810,Repulsion,1965,105,7.7,91.0,49396,
811,Tokyo Story,1953,136,8.2,,54287,
812,The Motorcycle Diaries,2004,126,7.8,75.0,97338,16.76
813,The Message,1976,177,8.2,,44287,
814,After the Wedding,2006,120,7.7,78.0,32493,0.41
815,Control,2007,122,7.7,78.0,62000,0.87
816,The Bride of Frankenstein,1935,75,7.8,95.0,43897,4.36
817,Evil,2003,113,7.8,61.0,35885,0.02
818,Inherit the Wind,1960,128,8.1,75.0,27583,
819,Invasion of the Body Snatchers,1956,80,7.7,92.0,45325,
820,Three Colors: White,1994,92,7.6,88.0,65628,1.46
821,Wait Until Dark,1967,108,7.8,81.0,27976,17.55
822,Autumn Sonata,1978,99,8.2,,28058,
823,Scarface,1932,93,7.8,87.0,25609,
824,Shine,1996,105,7.7,87.0,51666,35.81
825,Zindagi Na Milegi Dobara,2011,155,8.2,,68720,3.11
826,All Quiet on the Western Front,1930,152,8.0,91.0,57675,3.27
827,Elite Squad,2007,115,8.0,33.0,98830,0.01
828,The Little Prince,2015,108,7.7,70.0,57389,1.34
829,Soorarai Pottru,2020,153,8.6,,57510,
830,The Station Agent,2003,89,7.6,81.0,67701,5.74
831,The Sea Inside,2004,126,8.0,74.0,78088,2.09
832,The Battle of Algiers,1966,121,8.1,96.0,53931,0.06
833,Arsenic and Old Lace,1942,118,8.0,,65587,
834,The Salesman,2016,124,7.8,85.0,52481,2.4
835,The Return,2003,110,8.0,82.0,42973,0.5
836,Cowboy Bebop: The Movie,2001,115,7.9,61.0,43376,1.0
837,Le Samouraï,1967,101,8.1,,46191,0.04
838,The Conformist,1970,113,8.0,100.0,27581,0.54
839,Hedwig and the Angry Inch,2001,95,7.7,85.0,32157,3.03
840,Eyes Without a Face,1960,90,7.7,90.0,28067,0.05
841,The Past,2013,130,7.8,85.0,45374,1.33
842,The Bandit,1996,128,8.2,,64983,
843,Stalag 17,1953,120,8.0,84.0,51339,
844,Kind Hearts and Coronets,1949,106,8.0,,34812,
845,Diabolique,1955,117,8.0,,61949,
846,The 39 Steps,1935,86,7.6,93.0,52589,
847,The Ladykillers,1955,91,7.7,91.0,26830,
848,Gilda,1946,110,7.7,,28316,
849,Rang De Basanti,2006,167,8.2,,113017,2.2
850,The Wages of Fear,1953,131,8.1,85.0,55357,
851,Vikram Vedha,2017,147,8.4,,29359,
852,Throne of Blood,1957,110,8.1,,47347,
853,Night on Earth,1991,129,7.8,68.0,56008,2.02
854,The Broken Circle Breakdown,2012,111,7.7,70.0,39685,0.18
855,To Have and Have Not,1944,100,7.8,,31389,
856,Bajrangi Bhaijaan,2015,163,8.0,,73117,8.18
857,The Thin Man,1934,91,8.0,86.0,26916,
858,The Lady Vanishes,1938,96,7.8,98.0,48084,
859,Loveless,2017,127,7.6,86.0,30240,0.57
860,Laura,1944,88,8.0,,43143,4.36
861,Joint Security Area,2000,110,7.8,58.0,27041,
862,A Hard Day's Night,1964,87,7.6,96.0,40669,13.78
863,Ayla: The Daughter of War,2017,125,8.4,,34959,
864,Swades,2004,189,8.2,,83667,1.22
865,Kal Ho Naa Ho,2003,186,7.9,54.0,63955,1.79
866,Gully Boy,2019,154,8.0,65.0,32584,5.57
867,Farewell My Concubine,1993,171,8.1,,25444,5.22
868,Ace in the Hole,1951,111,8.1,72.0,32038,3.97
869,The Passion of Joan of Arc,1928,114,8.1,,48615,0.02
870,Crimes and Misdemeanors,1989,104,7.9,77.0,55158,18.25
871,Head-On,2004,121,7.9,78.0,51691,
872,The Experiment,2001,120,7.7,60.0,91231,0.14
873,The Chorus,2004,97,7.9,56.0,57971,3.64
874,In a Lonely Place,1950,94,8.0,,27313,
875,Out of the Past,1947,97,8.0,,33268,
876,My Name Is Khan,2010,165,8.0,50.0,99302,4.02
877,Hera Pheri,2000,156,8.2,,57793,
878,Ivan's Childhood,1962,84,8.1,,32360,
879,Cries & Whispers,1972,91,8.1,,30709,1.74
880,Cape Fear,1962,106,7.7,76.0,26691,
881,The Girl Who Leapt Through Time,2006,98,7.7,,61163,
882,His Girl Friday,1940,92,7.9,,54171,0.3
883,The Invisible Man,1933,71,7.7,87.0,31130,
884,Only Yesterday,1991,118,7.6,90.0,27779,0.45
885,Persepolis,2007,96,8.0,90.0,89390,4.45
886,Bringing Up Baby,1938,102,7.8,91.0,55748,
887,Red River,1948,133,7.8,,28511,
888,The Discreet Charm of the Bourgeoisie,1972,102,7.9,93.0,39309,0.2
889,Hard Boiled,1992,128,7.8,,47077,
890,Lifeboat,1944,97,7.6,78.0,26726,
891,Brief Encounter,1945,86,8.0,92.0,36216,
892,Nobody Knows,2004,141,8.1,88.0,25250,0.68
893,To Be or Not to Be,1942,99,8.2,86.0,30891,
894,Darbareye Elly,2009,119,8.0,87.0,46827,0.11
895,"Black Cat, White Cat",1998,127,8.1,73.0,51283,0.35
896,The Innocents,1961,100,7.8,88.0,27358,2.62
897,My Father and My Son,2005,112,8.3,,80119,
898,The Taking of Pelham One Two Three,1974,104,7.7,68.0,27017,0.85
899,Lagaan: Once Upon a Time in India,2001,224,8.1,84.0,105900,0.07
900,La Strada,1954,108,8.0,,58856,
901,The Gold Rush,1925,95,8.2,,102426,5.45
902,Once Upon a Time in Anatolia,2011,157,7.9,82.0,42765,0.14
903,The Lunchbox,2013,104,7.8,76.0,51155,4.23
904,Lupin the 3rd: Castle of Cagliostro,1979,102,7.7,71.0,27531,
905,Mustang,2015,97,7.6,83.0,36299,0.85
906,Key Largo,1948,100,7.8,,37272,
907,In America,2002,105,7.7,76.0,40570,15.54
908,Sweet Smell of Success,1957,96,8.0,100.0,28599,
909,Tokyo Godfathers,2003,92,7.8,73.0,32280,0.13
910,K.G.F: Chapter 1,2018,156,8.2,,38266,
911,Sleuth,1972,138,8.0,,45058,4.08
912,No Man's Land,2001,98,7.9,84.0,45039,1.06
913,Rockstar,2011,159,7.7,,39918,0.99
914,Down by Law,1986,107,7.8,75.0,48285,1.44
915,Departures,2008,130,8.1,68.0,49021,1.5
916,"4 Months, 3 Weeks and 2 Days",2007,113,7.9,97.0,57092,1.19
917,Sunrise,1927,94,8.1,,47235,0.54
918,Vivre Sa Vie,1962,85,8.0,,28592,
919,Fireworks,1997,103,7.8,,28093,0.23
920,Fearless,2006,104,7.6,70.0,73166,24.63
921,Jules and Jim,1962,105,7.8,97.0,38160,
922,Talvar,2015,132,8.2,,31521,0.34
923,Badhaai Ho,2018,124,8.0,,28481,
924,Raise the Red Lantern,1991,125,8.1,,29959,2.6
925,The Purple Rose of Cairo,1985,82,7.7,75.0,47504,10.63
926,Chhichhore,2019,143,8.2,,35020,0.9
927,Interstate 60: Episodes of the Road,2002,116,7.7,,30241,
928,Baahubali 2: The Conclusion,2017,167,8.2,,76355,20.19
929,L'Avventura,1960,144,7.9,,26953,
930,Confessions,2010,106,7.8,,36086,
931,Queen,2013,146,8.2,,61117,1.43
932,Celda 211,2009,113,7.6,,64340,
933,The General,1926,67,8.1,,82118,1.03
934,Love and Death,1975,85,7.7,89.0,36419,
935,Nights of Cabiria,1957,110,8.1,,43428,0.75
936,My Sassy Girl,2001,137,8.0,,45670,
937,The Lost Weekend,1945,101,7.9,,33894,9.46
938,Bhaag Milkha Bhaag,2013,186,8.2,,61606,1.63
939,The Magdalene Sisters,2002,114,7.7,83.0,26094,4.89
940,Uri: The Surgical Strike,2018,138,8.2,,44146,4.19
941,In a Better World,2010,118,7.6,65.0,38686,1.01
942,Battleship Potemkin,1925,66,8.0,97.0,53675,0.05
943,Duck Soup,1933,69,7.8,93.0,55893,
944,Hiroshima Mon Amour,1959,90,7.9,,28879,0.09
945,The Exterminating Angel,1962,95,8.1,,30098,
946,Sanjuro,1962,96,8.1,,33622,
947,Nine Queens,2000,114,7.9,80.0,50155,1.22
948,Miracle on 34th Street,1947,96,7.9,88.0,41869,2.65
949,Dilwale Dulhania Le Jayenge,1995,181,8.1,,64029,
950,The Killer,1989,111,7.8,82.0,45917,
951,The Triplets of Belleville,2003,80,7.8,91.0,50908,7.0
952,Kahaani,2012,122,8.1,,58244,1.04
953,Anand,1971,122,8.3,,31032,
954,La Grande Illusion,1937,113,8.1,,34138,0.17
955,Haider,2014,160,8.1,,50774,0.9
956,M.S. Dhoni: The Untold Story,2016,184,7.8,,41117,1.78
957,The Virgin Spring,1960,89,8.1,,27005,1.53
958,G.O.R.A.,2004,127,8.0,,57752,
959,Dil Chahta Hai,2001,183,8.1,,67278,0.3
960,Munna Bhai M.B.B.S.,2003,156,8.1,,74599,
961,Elite Squad 2: The Enemy Within,2010,115,8.0,71.0,79713,0.1
962,Udaan,2010,134,8.2,,42609,0.01
963,Sholay,1975,162,8.2,,51689,
964,White Heat,1949,114,8.1,,30099,
965,Barfi!,2012,151,8.1,,76345,2.8
966,Joyeux Noel,2005,116,7.7,70.0,28152,1.05
967,Knockin' on Heaven's Door,1997,87,8.0,,28015,0.0
968,Central Station,1998,110,8.0,80.0,36841,5.6
969,Baby,2015,159,8.0,,53139,
970,Special 26,2013,144,8.0,,51445,1.08
971,The Shop Around the Corner,1940,99,8.1,96.0,28820,0.2
972,Zelig,1983,79,7.7,,40202,11.8
973,Sherlock Jr.,1924,45,8.2,,42985,0.98
974,C.R.A.Z.Y.,2005,129,7.9,81.0,31590,
975,The Muppet Christmas Carol,1992,85,7.7,64.0,50615,27.28
976,Jab We Met,2007,138,7.9,,48144,0.41
977,Le Dîner de Cons,1998,80,7.7,73.0,37750,4.07
978,Veer-Zaara,2004,192,7.8,67.0,49479,2.92
979,Tae Guk Gi: The Brotherhood of War,2004,140,8.1,64.0,38009,1.11
980,Andaz Apna Apna,1994,160,8.2,,49621,
981,The Edge of Heaven,2007,122,7.8,85.0,30978,0.74
982,Raazi,2018,138,7.8,,25757,
983,The Rules of the Game,1939,110,8.0,,26983,
984,Udta Punjab,2016,148,7.8,,27434,
985,A Night at the Opera,1935,96,7.9,,30796,2.54
986,A Wednesday,2008,104,8.1,,74269,
987,Chak De! India,2007,153,8.2,68.0,74736,1.11
988,Vicky Donor,2012,126,7.8,,39982,0.17
989,Paan Singh Tomar,2012,135,8.2,,33512,0.04
990,English Vinglish,2012,134,7.8,,33905,1.67
991,Kai Po Che,2013,120,7.7,40.0,33033,1.12
992,The Circus,1928,72,8.1,90.0,30673,
993,Airlift,2016,130,8.0,,53139,
994,Dev.D,2009,144,8.0,,28936,0.01
995,OMG: Oh My God!,2012,125,8.1,,52250,0.92
996,Lage Raho Munna Bhai,2006,144,8.1,,43458,2.22
997,Vizontele,2001,110,8.0,,34003,
998,The Breath,2009,128,8.0,,32077,
999,Black,2005,122,8.2,,33539,0.73
